{"cameraMode":{"drawMode":0,"name":"Shaded","section":"Shading Mode"},"sceneLighting":false,"audioPlay":false,"sceneViewState":{"showFog":true,"showMaterialUpdate":false,"showSkybox":true,"showFlares":true,"showImageEffects":true,"showParticleSystems":true},"in2DMode":false,"pivot":{"x":14.520450592041016,"y":7.107765197753906,"z":31.451202392578126},"rotation":{"x":-0.11875755339860916,"y":-0.8805618286132813,"z":0.34235796332359316,"w":-0.30545005202293398},"size":107.9664535522461,"orthographic":false}